Period,Red1,Red2,Red3,Red4,Red5,Red6,Blue,Lottery Date
25024,10,11,22,27,30,32,15,2025/3/6
25023,9,12,13,24,25,33,7,2025/3/4
25022,11,17,18,20,28,30,10,2025/3/2
25021,7,8,16,18,25,32,14,2025/2/27
25020,4,11,13,16,26,30,15,2025/2/25
25019,5,13,17,18,22,23,11,2025/2/23
25018,3,9,18,21,28,29,11,2025/2/20
25017,4,12,15,18,28,29,5,2025/2/18
25016,2,3,12,16,20,29,14,2025/2/16
25015,4,11,15,24,25,33,15,2025/2/13
25014,6,7,9,13,21,27,5,2025/2/11
25013,4,14,16,23,24,30,14,2025/2/9
25012,7,11,13,18,27,31,11,2025/2/6
25011,6,13,17,22,24,29,11,2025/1/26
25010,4,6,7,16,17,21,8,2025/1/23
25009,2,4,11,12,23,25,6,2025/1/21
25008,9,14,16,17,25,33,11,2025/1/19
25007,7,8,14,18,21,27,11,2025/1/16
25006,1,7,8,17,20,22,6,2025/1/14
25005,10,16,19,27,28,30,9,2025/1/12
25004,3,7,17,27,29,32,4,2025/1/9
25003,10,19,20,26,28,29,15,2025/1/7
25002,9,12,13,15,22,26,11,2025/1/5
25001,2,3,17,18,22,33,16,2025/1/2
24151,5,10,16,19,29,32,4,2024/12/31
24150,13,14,20,22,26,32,2,2024/12/29
24149,3,9,16,17,18,22,16,2024/12/26
24148,2,6,15,16,21,23,11,2024/12/24
24147,5,11,13,16,21,30,10,2024/12/22
24146,2,4,11,22,27,32,10,2024/12/19
24145,1,3,16,22,23,30,3,2024/12/17
24144,2,9,11,17,20,30,11,2024/12/15
24143,2,5,11,22,30,33,10,2024/12/12
24142,4,6,13,21,22,25,6,2024/12/10
24141,1,2,7,15,24,29,12,2024/12/8
24140,4,7,8,17,22,26,15,2024/12/5
24139,15,16,20,22,23,29,14,2024/12/3
24138,2,7,11,21,27,28,2,2024/12/1
24137,4,9,10,19,26,27,12,2024/11/28
24136,3,11,15,21,25,26,3,2024/11/26
24135,5,11,17,18,30,31,13,2024/11/24
24134,2,4,13,16,18,20,16,2024/11/21
24133,1,11,15,27,30,33,1,2024/11/19
24132,1,4,25,27,28,33,3,2024/11/17
24131,4,5,11,15,20,32,13,2024/11/14
24130,1,8,12,17,19,24,16,2024/11/12
24129,9,10,13,19,24,32,1,2024/11/10
24128,1,8,13,18,20,26,16,2024/11/7
24127,2,5,13,20,27,32,10,2024/11/5
24126,14,18,23,24,26,33,10,2024/11/3
24125,1,4,13,18,26,30,3,2024/10/31
24124,2,14,15,17,25,30,11,2024/10/29
24123,2,15,22,26,30,33,4,2024/10/27
24122,5,7,9,16,17,29,15,2024/10/24
24121,1,7,10,13,27,33,3,2024/10/22
24120,1,5,7,11,18,19,7,2024/10/20
24119,2,9,26,27,31,32,14,2024/10/17
24118,2,3,4,6,11,15,14,2024/10/15
24117,3,12,14,16,29,32,12,2024/10/13
24116,1,15,20,22,31,32,3,2024/10/10
24115,3,10,11,19,27,28,7,2024/10/8
24114,7,11,18,24,27,32,4,2024/10/6
24113,4,5,23,24,26,31,11,2024/9/29
24112,8,11,16,25,29,32,3,2024/9/26
24111,1,4,11,12,22,30,16,2024/9/24
24110,4,13,17,23,25,33,14,2024/9/22
24109,3,4,24,28,29,33,9,2024/9/19
24108,1,8,9,23,24,30,8,2024/9/17
24107,1,6,8,13,17,19,9,2024/9/15
24106,3,8,11,22,31,33,4,2024/9/12
24105,2,5,17,19,29,33,4,2024/9/10
24104,5,16,23,24,26,29,4,2024/9/8
24103,12,21,23,27,32,33,15,2024/9/5
24102,9,15,18,21,22,25,1,2024/9/3
24101,8,12,15,17,19,30,8,2024/9/1
24100,13,14,19,20,27,30,5,2024/8/29
24099,4,12,17,24,26,27,16,2024/8/27
24098,3,8,10,20,30,31,2,2024/8/25
24097,4,10,12,13,18,30,3,2024/8/22
24096,2,4,14,18,23,27,13,2024/8/20
24095,4,6,9,14,16,21,3,2024/8/18
24094,6,13,17,22,25,27,9,2024/8/15
24093,1,5,7,11,12,15,12,2024/8/13
24092,3,8,11,12,18,29,5,2024/8/11
24091,13,15,16,19,20,24,10,2024/8/8
24090,7,11,17,24,31,32,12,2024/8/6
24089,3,6,9,15,18,31,1,2024/8/4
24088,3,8,10,17,30,32,10,2024/8/1
24087,3,9,18,19,20,26,11,2024/7/30
24086,17,19,20,23,25,31,2,2024/7/28
24085,1,5,15,21,23,27,15,2024/7/25
24084,1,8,10,13,19,29,13,2024/7/23
24083,3,9,14,29,32,33,15,2024/7/21
24082,1,2,13,16,17,29,16,2024/7/18
24081,1,6,12,17,23,25,4,2024/7/16
24080,6,11,12,27,29,30,13,2024/7/14
24079,2,3,6,7,16,26,4,2024/7/11
24078,5,9,14,21,22,26,12,2024/7/9
24077,1,4,6,14,17,22,8,2024/7/7
24076,3,22,24,27,29,32,15,2024/7/4
24075,3,5,8,18,22,28,1,
24074,7,8,10,22,24,32,7,
24073,3,9,12,18,28,30,1,
24072,1,14,20,21,23,27,6,
24071,2,8,19,28,30,31,14,
24070,4,13,18,20,22,28,5,
24069,6,13,20,21,24,32,6,
24068,1,2,7,19,20,21,1,
24067,1,11,13,17,25,29,3,
24066,8,9,12,22,26,32,13,
24065,3,5,9,10,19,22,14,
24064,6,8,17,18,28,30,5,
24063,7,14,16,23,28,32,4,
24062,1,7,10,16,18,27,16,
24061,1,9,18,22,25,28,2,
24060,1,2,6,10,22,28,15,
24059,1,3,14,25,31,33,7,
24058,8,12,13,17,27,29,13,
24057,3,8,17,18,23,31,8,
24056,5,18,20,24,25,26,6,
24055,2,4,6,7,16,29,3,
24054,8,13,20,25,31,32,3,
24053,7,14,21,22,28,33,7,
24052,7,10,11,15,17,21,3,
24051,5,9,13,20,23,28,6,
24050,1,3,7,10,22,33,2,
24049,12,15,17,23,26,32,11,
24048,2,9,15,19,26,28,2,
24047,7,8,21,26,29,30,15,
24046,2,6,10,11,17,29,15,
24045,2,8,19,23,24,26,3,
24044,2,6,17,25,32,33,6,
24043,4,6,7,14,15,24,8,
24042,2,4,5,14,26,32,14,
24041,2,9,12,22,25,33,16,
24040,11,14,18,19,23,26,2,
24039,2,6,12,29,30,31,10,
24038,8,10,18,23,27,31,2,
24037,1,4,5,6,12,14,13,
24036,2,8,9,12,21,31,2,
24035,5,7,14,17,22,32,6,
24034,2,9,12,19,21,31,4,
24033,6,10,11,18,20,32,5,
24032,1,3,4,11,12,21,16,
24031,9,10,13,25,30,32,2,
24030,1,8,22,25,29,33,10,
24029,12,18,23,25,28,33,4,
24028,3,7,8,11,18,19,5,
24027,2,6,13,27,28,32,13,
24026,4,7,18,19,20,25,6,
24025,8,15,21,22,25,33,13,
24024,3,7,21,24,26,30,10,
24023,1,10,22,25,28,32,10,
24022,2,9,11,14,18,26,6,
24021,4,6,16,17,23,24,11,
24020,3,8,12,14,17,33,8,
24019,5,11,12,16,17,20,8,
24018,6,15,17,24,28,29,16,
24017,4,17,19,20,25,32,4,
24016,7,12,20,24,32,33,4,
24015,3,8,17,18,20,30,15,
24014,1,2,10,22,24,25,13,
24013,1,7,10,14,21,25,7,
24012,1,3,7,18,22,28,15,
24011,8,12,16,20,27,31,6,
24010,11,16,20,21,23,24,4,
24009,1,4,7,10,17,23,14,
24008,8,20,21,23,27,30,13,
24007,4,5,6,7,20,22,15,
24006,7,18,20,21,26,32,5,
24005,5,6,20,23,25,32,3,
24004,9,13,17,18,21,27,4,
24003,1,5,8,13,32,33,3,
24002,4,9,10,17,19,20,9,
24001,3,7,16,26,27,32,16,
23151,1,15,16,20,25,27,5,
23150,10,17,25,26,30,33,5,
23149,2,10,19,24,26,33,15,
23148,3,5,7,9,19,20,8,
23147,5,6,14,16,19,32,12,
23146,2,3,6,11,20,32,9,
23145,7,10,21,22,23,24,11,
23144,12,16,17,22,25,27,8,
23143,5,7,9,16,23,30,15,
23142,2,8,20,21,27,33,14,
23141,1,8,11,12,21,23,3,
23140,3,4,11,14,30,31,5,
23139,12,14,19,21,27,31,11,
23138,3,22,28,30,31,33,4,
23137,3,12,17,19,23,27,11,
23136,3,5,10,21,22,26,10,
23135,5,6,11,13,28,30,7,
23134,5,8,9,17,22,33,4,
23133,4,5,10,14,22,25,3,
23132,3,9,11,15,25,27,1,
23131,6,7,14,20,26,32,1,
23130,4,10,17,22,23,32,16,
23129,8,9,12,17,32,33,4,
23128,7,16,20,21,27,33,1,
23127,3,8,19,22,26,32,14,
23126,10,24,26,28,29,31,16,
23125,11,14,15,27,30,33,4,
23124,2,3,17,18,25,30,11,
23123,10,13,15,22,29,32,15,
23122,7,8,14,18,20,30,5,
23121,2,12,16,25,30,31,12,
23120,3,8,13,24,27,29,8,
23119,1,2,3,19,21,28,15,
23118,1,2,11,19,25,29,4,
23117,2,11,14,17,18,28,8,
23116,2,8,9,13,24,27,12,
23115,2,7,16,21,26,27,16,
23114,7,9,15,16,17,26,9,
23113,1,2,13,18,25,27,3,
23112,9,12,13,22,24,31,4,
23111,5,6,12,17,20,33,9,
23110,2,6,20,25,29,33,16,
23109,6,8,10,13,16,28,13,
23108,1,3,6,8,18,24,9,
23107,3,7,18,25,29,33,14,
23106,7,9,10,20,22,24,7,
23105,1,3,5,26,30,32,16,
23104,10,19,23,25,30,31,12,
23103,5,6,13,24,25,29,15,
23102,1,9,10,13,21,28,10,
23101,1,5,9,15,18,26,4,
23100,5,6,12,15,23,25,4,
23099,9,11,14,19,27,33,5,
23098,2,10,11,14,21,27,11,
23097,1,9,14,19,29,30,15,
23096,8,11,18,26,31,32,15,
23095,3,8,16,17,22,26,11,
23094,6,10,12,14,30,31,12,
23093,10,21,24,25,27,32,7,
23092,3,12,24,25,32,33,13,
23091,16,20,22,26,30,32,16,
23090,1,2,9,26,30,31,7,
23089,8,13,15,27,28,31,11,
23088,1,14,18,26,31,33,5,
23087,2,9,15,17,28,33,1,
23086,8,9,10,22,26,32,12,
23085,11,18,23,24,31,33,13,
23084,9,13,14,17,19,27,3,
23083,7,10,12,16,17,30,12,
23082,4,18,19,24,27,30,16,
23081,1,11,15,16,22,31,15,
23080,1,2,4,9,25,31,8,
23079,5,6,9,12,21,22,7,
23078,6,8,14,19,30,31,8,
23077,7,9,14,22,26,27,1,
23076,3,4,15,18,19,22,9,
23075,13,15,24,28,30,31,1,
23074,2,8,9,18,19,21,3,
23073,1,3,15,16,25,32,10,
23072,2,6,10,24,25,33,9,
23071,5,12,15,19,24,26,6,
23070,3,5,25,31,32,33,4,
23069,12,14,17,20,21,26,2,
23068,11,12,15,18,29,33,2,
23067,1,3,12,19,28,32,14,
23066,2,7,8,10,26,31,6,
23065,2,14,17,20,26,33,14,
23064,1,7,11,12,16,18,4,
23063,4,8,17,20,22,27,13,
23062,11,19,23,24,26,33,15,
23061,1,4,6,11,12,22,15,
23060,9,11,17,19,30,31,11,
23059,2,6,13,22,27,32,6,
23058,10,17,22,26,30,33,11,
23057,2,5,10,17,24,32,3,
23056,8,14,15,18,23,33,8,
23055,3,4,20,23,27,32,13,
23054,5,6,9,10,15,26,12,
23053,1,7,14,20,27,30,15,
23052,3,4,5,8,12,17,6,
23051,22,26,29,30,32,33,14,
23050,2,7,9,14,22,23,5,
23049,5,7,14,23,25,27,2,
23048,2,3,10,24,28,30,8,
23047,5,7,14,23,31,33,7,
23046,6,8,17,25,26,28,3,
23045,3,6,12,21,27,28,4,
23044,2,8,15,22,24,26,16,
23043,5,8,12,20,24,28,10,
23042,10,17,20,23,27,30,10,
23041,1,6,12,13,15,24,6,
23040,9,16,17,24,29,31,8,
23039,2,3,9,13,19,28,9,
23038,2,9,14,17,31,33,8,
23037,8,23,25,26,29,31,12,
23036,13,14,18,19,24,30,9,
23035,1,4,9,10,20,33,6,
23034,2,3,9,11,12,17,15,
23033,8,9,13,23,24,26,5,
23032,6,19,20,26,28,33,1,
23031,7,14,27,29,31,33,5,
23030,2,3,7,16,30,31,6,
23029,3,7,12,24,28,33,8,
23028,5,7,10,17,20,22,14,
23027,8,10,22,27,32,33,8,
23026,1,18,26,30,31,33,3,
23025,4,16,20,21,31,32,14,
23024,3,6,9,17,27,28,3,
23023,5,8,10,15,24,25,9,
23022,10,11,18,19,23,31,3,
23021,2,5,6,19,21,27,4,
23020,1,12,17,18,26,27,5,
23019,6,12,26,28,29,32,15,
23018,10,12,17,19,25,31,13,
23017,5,11,18,20,26,28,12,
23016,14,16,19,23,28,30,3,
23015,2,3,14,21,29,32,8,
23014,6,7,18,23,27,30,5,
23013,6,10,14,22,23,33,13,
23012,3,4,7,22,26,30,6,
23011,6,7,16,17,21,22,4,
23010,4,5,13,18,27,29,12,
23009,3,4,19,23,30,32,6,
23008,5,13,18,20,26,28,6,
23007,5,6,9,22,25,31,3,
23006,2,10,12,14,24,26,5,
23005,2,6,8,13,14,19,16,
23004,1,7,15,16,20,25,16,
23003,5,8,18,25,30,32,6,
23002,2,6,10,16,18,22,13,
23001,9,16,18,22,28,32,2,
22150,1,7,11,12,22,28,5,
22149,2,22,26,29,32,33,14,
22148,2,15,16,17,21,31,14,
22147,2,3,7,13,20,30,10,
22146,6,7,13,18,26,31,6,
22145,3,21,25,30,31,33,11,
22144,7,20,22,23,31,32,5,
22143,7,8,13,29,30,33,3,
22142,1,3,13,16,21,27,3,
22141,5,12,13,17,20,27,14,
22140,8,9,18,19,20,27,15,
22139,6,7,9,16,17,19,14,
22138,2,14,19,21,25,28,11,
22137,8,21,23,27,28,33,1,
22136,8,10,14,15,18,22,8,
22135,9,11,13,24,28,32,6,
22134,1,5,14,17,24,31,14,
22133,5,8,16,17,21,25,12,
22132,1,3,18,26,32,33,4,
22131,3,5,10,13,19,29,6,
22130,2,8,15,17,26,28,12,
22129,10,12,14,22,24,27,7,
22128,3,12,18,24,27,29,1,
22127,3,4,9,10,29,33,13,
22126,1,13,15,17,26,33,13,
22125,2,3,7,12,20,31,16,
22124,5,10,13,18,24,26,1,
22123,10,13,16,20,21,25,5,
22122,6,8,17,19,24,28,5,
22121,12,17,22,27,30,31,2,
22120,2,15,19,26,27,29,2,
22119,2,5,15,18,26,27,4,
22118,2,6,7,11,14,33,8,
22117,4,13,17,18,28,29,6,
22116,8,14,26,27,30,33,1,
22115,6,7,18,20,27,29,9,
22114,1,5,15,19,26,29,13,
22113,13,14,20,24,27,29,2,
22112,3,5,8,17,25,31,1,
22111,2,10,11,13,28,31,1,
22110,9,13,15,18,20,28,15,
22109,4,11,13,19,22,33,11,
22108,1,7,13,17,18,31,15,
22107,3,9,11,15,19,28,16,
22106,17,20,22,23,24,31,1,
22105,6,12,13,15,21,23,15,
22104,1,8,19,25,26,31,1,
22103,6,9,12,14,20,28,10,
22102,9,10,12,18,29,32,14,
22101,4,16,18,19,27,28,4,
22100,2,6,7,15,20,21,15,
22099,1,11,23,24,26,32,15,
22098,2,3,4,6,21,33,5,
22097,4,5,10,13,30,31,14,
22096,3,16,17,19,25,33,7,
22095,4,13,14,18,20,28,8,
22094,6,11,13,16,19,31,2,
22093,21,22,24,28,29,32,14,
22092,7,10,16,20,21,27,11,
22091,8,18,20,22,24,28,10,
22090,1,4,25,27,29,30,7,
22089,2,7,15,29,31,33,15,
22088,3,9,15,17,20,22,6,
22087,5,6,9,13,23,25,8,
22086,1,4,8,21,23,24,11,
22085,7,9,14,31,32,33,13,
22084,3,18,23,24,25,32,9,
22083,8,12,13,14,19,20,5,
22082,4,10,11,23,30,32,14,
22081,4,8,11,21,27,30,1,
22080,5,12,15,17,18,27,4,
22079,1,9,15,17,22,23,16,
22078,1,4,5,15,17,31,9,
22077,3,17,18,19,20,27,16,
22076,8,9,10,13,24,29,2,
22075,1,2,4,25,26,30,10,
22074,5,7,15,19,29,33,15,
22073,6,10,14,15,26,29,12,
22072,5,14,15,16,18,32,12,
22071,4,7,15,18,29,33,1,
22070,4,6,9,27,28,33,2,
22069,6,7,13,19,26,29,8,
22068,7,12,15,24,26,29,6,
22067,1,5,13,21,26,29,15,
22066,6,11,14,20,27,30,9,
22065,9,14,18,23,28,31,2,
22064,4,6,12,13,17,31,16,
22063,6,8,9,17,22,31,11,
22062,16,18,20,21,23,33,5,
22061,1,3,16,18,29,33,6,
22060,16,18,19,24,28,32,1,
22059,6,9,18,19,29,33,6,
22058,6,13,14,23,31,33,1,
22057,12,15,20,26,30,33,16,
22056,1,6,11,14,17,26,15,
22055,2,4,9,26,28,33,3,
22054,8,12,21,27,28,33,11,
22053,10,14,18,23,27,33,15,
22052,7,24,27,29,31,32,15,
22051,2,5,11,17,21,33,1,
22050,3,5,8,14,27,33,8,
22049,2,4,7,18,25,26,10,
22048,5,7,17,20,26,31,14,
22047,3,7,8,14,27,30,9,
22046,2,11,24,25,27,30,14,
22045,3,12,17,18,19,28,4,
22044,1,7,8,21,23,29,6,
22043,2,17,20,23,25,27,8,
22042,5,10,11,21,22,30,13,
22041,5,7,21,22,24,29,14,
22040,3,12,14,16,31,33,12,
22039,2,6,7,10,15,20,5,
22038,9,12,13,16,24,32,4,
22037,1,10,13,20,22,32,14,
22036,2,3,14,16,26,31,2,
22035,8,12,13,19,23,25,15,
22034,14,17,26,31,32,33,10,
22033,5,12,19,22,25,26,5,
22032,4,10,11,14,23,32,7,
22031,1,10,11,22,26,32,7,
22030,12,23,24,26,27,30,5,
22029,3,8,10,13,26,32,8,
22028,5,11,20,22,23,29,9,
22027,14,15,18,19,26,32,9,
22026,3,4,10,15,22,24,2,
22025,6,19,24,25,28,32,4,
22024,7,9,10,14,19,24,15,
22023,7,12,17,19,24,25,2,
22022,1,7,11,15,17,19,6,
22021,3,7,22,24,26,31,14,
22020,9,11,14,22,30,32,1,
22019,5,6,14,20,21,25,8,
22018,7,11,16,17,30,32,16,
22017,6,9,24,29,30,32,7,
22016,5,10,19,20,29,31,14,
22015,6,14,16,27,28,31,7,
22014,6,7,13,14,15,27,4,
22013,2,3,4,7,10,18,15,
22012,4,7,8,29,30,31,1,
22011,6,15,23,24,25,33,15,
22010,12,18,19,20,21,32,15,
22009,4,15,17,19,25,28,16,
22008,2,3,7,9,20,21,13,
22007,1,20,22,23,25,28,16,
22006,3,6,9,15,22,31,2,
22005,7,10,12,16,19,31,16,
22004,5,19,24,28,30,32,14,
22003,2,5,16,17,18,30,6,
22002,2,12,21,23,25,31,8,
22001,6,13,15,17,20,21,3,
21150,9,14,20,21,24,26,4,
21149,5,10,15,18,19,32,5,
21148,10,12,15,17,19,20,8,
21147,5,10,11,13,27,28,9,
21146,7,9,21,22,26,32,3,
21145,4,7,10,14,16,26,9,
21144,2,5,13,15,23,26,7,
21143,1,9,11,13,20,29,9,
21142,4,7,17,19,20,24,16,
21141,1,14,19,23,26,30,10,
21140,5,10,16,26,27,33,1,
21139,12,14,19,23,24,27,1,
21138,11,14,15,16,27,32,9,
21137,3,7,10,14,21,24,1,
21136,2,6,9,15,19,28,16,
21135,3,10,17,19,21,31,4,
21134,1,2,16,19,25,31,8,
21133,1,3,12,19,27,31,10,
21132,1,4,6,14,20,28,8,
21131,8,11,18,19,20,24,1,
21130,8,9,15,24,26,30,6,
21129,4,15,21,27,28,29,10,
21128,5,17,20,21,23,33,4,
21127,7,15,16,20,27,29,7,
21126,19,20,23,27,28,31,1,
21125,14,19,20,23,24,31,9,
21124,1,3,18,22,29,32,2,
21123,6,14,15,19,29,31,5,
21122,4,5,12,15,18,28,7,
21121,4,5,12,16,22,30,15,
21120,1,7,8,12,13,18,5,
21119,3,9,10,11,28,29,13,
21118,2,6,14,18,20,31,13,
21117,3,5,17,21,27,33,4,
21116,6,14,17,18,31,33,6,
21115,2,10,12,15,24,27,8,
21114,4,6,8,14,24,27,2,
21113,4,7,10,22,27,30,2,
21112,5,6,21,25,28,33,7,
21111,17,20,22,23,26,28,6,
21110,10,13,15,24,31,32,2,
21109,2,3,10,17,20,26,16,
21108,11,15,18,24,26,32,9,
21107,2,3,17,19,25,30,1,
21106,1,4,7,14,30,31,3,
21105,10,14,15,22,27,32,9,
21104,1,7,17,20,22,28,15,
21103,10,13,15,25,29,30,15,
21102,5,9,15,24,27,30,9,
21101,2,4,12,22,29,31,1,
21100,7,9,12,13,14,29,16,
21099,9,11,17,18,20,27,15,
21098,1,10,13,18,26,32,5,
21097,3,11,12,13,25,28,12,
21096,1,7,11,14,15,26,11,
21095,8,12,17,24,27,28,13,
21094,9,11,24,25,28,33,15,
21093,5,11,15,23,28,33,3,
21092,2,7,8,10,12,31,3,
21091,4,6,16,24,26,33,16,
21090,5,6,12,14,27,28,8,
21089,1,2,7,13,23,24,12,
21088,4,12,15,16,19,26,6,
21087,2,13,16,19,23,24,4,
21086,6,8,10,14,28,29,1,
21085,5,6,7,11,14,20,2,
21084,5,7,9,11,21,28,1,
21083,4,9,11,25,28,33,4,
21082,3,6,11,13,26,32,5,
21081,1,3,5,18,22,23,1,
21080,5,8,22,23,24,29,9,
21079,1,3,10,24,28,29,13,
21078,4,6,15,26,27,31,12,
21077,8,15,17,25,27,30,10,
21076,3,9,21,23,30,32,6,
21075,12,15,16,21,22,29,1,
21074,4,5,9,14,25,27,7,
21073,1,6,18,22,24,25,8,
21072,1,9,15,16,19,21,15,
21071,1,7,24,31,32,33,8,
21070,1,5,11,15,16,29,15,
21069,6,11,18,20,23,26,5,
21068,4,14,18,24,31,32,15,
21067,1,11,19,23,25,29,9,
21066,2,6,19,26,30,33,15,
21065,1,4,8,19,29,33,16,
21064,4,6,8,15,16,18,16,
21063,4,5,6,9,23,24,9,
21062,12,13,15,20,22,25,10,
21061,4,9,12,18,20,23,1,
21060,10,11,17,20,29,30,15,
21059,1,9,11,18,32,33,14,
21058,9,11,13,18,19,28,14,
21057,5,6,9,17,25,33,16,
21056,8,21,22,23,29,32,1,
21055,3,11,12,16,22,28,10,
21054,7,13,21,22,24,31,2,
21053,7,10,14,16,24,33,16,
21052,3,4,6,19,21,30,14,
21051,8,9,10,19,27,29,15,
21050,2,9,10,16,25,28,8,
21049,4,11,13,22,25,32,1,
21048,4,15,17,22,29,32,3,
21047,3,7,13,16,24,29,1,
21046,5,9,13,21,28,33,6,
21045,1,4,14,15,17,32,2,
21044,5,7,14,17,26,28,13,
21043,2,3,17,18,23,24,1,
21042,5,9,10,22,25,27,8,
21041,2,9,18,23,26,32,14,
21040,2,6,7,24,28,29,16,
21039,2,8,21,24,29,31,13,
21038,5,7,9,16,18,27,6,
21037,13,17,19,24,26,30,12,
21036,1,2,6,11,21,26,11,
21035,12,14,18,20,26,28,11,
21034,4,10,12,18,23,25,1,
21033,2,12,13,14,31,33,6,
21032,1,5,8,15,16,30,3,
21031,6,11,21,25,28,31,7,
21030,8,9,13,27,29,31,5,
21029,8,10,15,17,22,30,12,
21028,11,16,23,26,27,33,5,
21027,5,7,9,16,20,26,8,
21026,3,5,13,19,20,25,3,
21025,6,8,14,17,18,30,11,
21024,1,4,6,10,11,18,2,
21023,2,21,22,23,27,28,11,
21022,10,15,17,25,31,32,6,
21021,4,8,17,24,28,33,13,
21020,1,3,6,7,9,11,2,
21019,12,16,17,24,28,29,8,
21018,2,8,14,23,25,32,6,
21017,9,15,18,29,32,33,2,
21016,3,8,9,13,15,18,10,
21015,6,14,16,26,28,29,7,
21014,4,15,21,25,29,33,6,
21013,6,9,12,16,27,31,6,
21012,3,6,14,18,20,26,1,
21011,5,10,16,23,27,33,14,
21010,1,4,11,19,32,33,5,
21009,2,4,7,24,25,32,13,
21008,1,5,7,14,18,33,7,
21007,2,4,12,21,25,32,16,
21006,6,8,22,24,25,26,1,
21005,7,9,14,26,30,31,4,
21004,2,3,7,8,17,22,15,
21003,6,9,16,18,22,29,11,
21002,6,10,13,25,26,32,11,
21001,2,3,13,18,20,31,11,
20134,2,9,10,20,22,26,1,
20133,3,19,22,23,27,29,7,
20132,1,4,11,12,14,23,4,
20131,8,19,22,26,27,30,7,
20130,8,9,11,14,17,29,16,
20129,1,2,5,15,28,33,4,
20128,8,10,15,16,23,26,10,
20127,1,4,18,19,26,31,7,
20126,3,7,12,14,23,28,11,
20125,5,12,16,26,30,31,13,
20124,16,18,19,20,29,33,12,
20123,1,3,18,19,26,29,3,
20122,12,15,17,24,26,31,15,
20121,2,4,6,21,25,29,3,
20120,1,2,3,4,9,10,12,
20119,1,9,22,28,32,33,15,
20118,11,13,19,26,30,33,5,
20117,7,8,9,10,16,27,7,
20116,5,6,14,16,19,27,10,
20115,1,4,12,20,25,32,2,
20114,1,5,11,24,30,32,3,
20113,1,3,7,10,22,32,11,
20112,2,9,12,17,28,32,5,
20111,6,9,17,22,24,26,16,
20110,2,6,9,14,22,25,4,
20109,6,13,16,20,23,32,13,
20108,10,12,15,17,23,32,5,
20107,3,9,11,24,25,28,16,
20106,2,4,11,15,18,28,10,
20105,6,14,19,20,22,24,1,
20104,4,8,10,16,27,29,9,
20103,4,9,10,22,28,32,8,
20102,9,10,19,25,26,29,8,
20101,10,17,24,25,28,30,15,
20100,1,7,15,16,20,23,7,
20099,5,6,11,12,15,30,12,
20098,6,8,11,22,25,33,2,
20097,2,8,21,25,26,30,10,
20096,1,20,23,26,27,32,15,
20095,3,9,16,17,20,26,2,
20094,10,15,17,27,29,31,8,
20093,4,5,10,13,15,19,15,
20092,1,6,12,18,22,24,3,
20091,1,9,11,12,16,19,16,
20090,2,21,23,26,31,32,6,
20089,2,14,16,21,29,30,10,
20088,1,6,12,26,29,30,12,
20087,11,15,20,23,25,33,10,
20086,2,4,6,15,24,27,6,
20085,1,2,5,9,19,24,16,
20084,3,7,16,17,23,30,7,
20083,1,19,25,26,30,31,12,
20082,2,8,11,17,21,30,9,
20081,1,5,13,14,27,33,15,
20080,14,15,18,22,31,33,1,
20079,5,12,20,21,22,29,14,
20078,3,11,14,16,21,32,4,
20077,3,10,16,21,25,27,12,
20076,10,15,16,18,20,27,6,
20075,3,11,13,20,24,30,16,
20074,4,8,9,13,19,33,12,
20073,5,7,11,13,27,29,3,
20072,6,8,10,15,17,26,4,
20071,9,11,12,13,22,23,8,
20070,1,2,4,6,19,21,15,
20069,3,9,10,13,18,26,4,
20068,12,16,21,26,27,32,10,
20067,4,7,9,23,27,30,8,
20066,2,9,13,17,26,28,7,
20065,9,15,18,21,23,26,8,
20064,1,3,7,21,27,32,1,
20063,12,15,16,22,29,32,14,
20062,10,14,17,22,26,27,5,
20061,8,17,24,26,27,31,4,
20060,5,9,14,20,24,30,8,
20059,2,4,10,17,22,25,14,
20058,1,3,11,12,19,26,7,
20057,9,14,21,23,26,32,3,
20056,2,5,8,12,26,31,14,
20055,1,5,7,23,28,30,12,
20054,3,10,19,25,26,31,2,
20053,2,14,15,16,32,33,1,
20052,2,8,13,29,32,33,15,
20051,3,6,8,11,19,28,8,
20050,4,9,17,20,32,33,15,
20049,1,7,9,12,18,22,4,
20048,12,14,18,23,30,32,2,
20047,4,10,17,19,28,32,1,
20046,13,19,25,26,27,32,8,
20045,2,3,15,21,22,33,16,
20044,7,8,16,17,19,24,7,
20043,1,11,24,25,27,30,7,
20042,2,6,7,11,14,31,3,
20041,6,7,16,22,24,25,13,
20040,1,6,12,16,19,21,4,
20039,2,9,10,11,16,29,2,
20038,1,6,7,18,23,24,15,
20037,1,4,11,13,17,24,15,
20036,7,9,16,22,24,32,6,
20035,10,14,24,25,28,33,11,
20034,2,8,15,16,26,32,3,
20033,7,10,12,21,31,32,1,
20032,3,11,13,14,15,26,13,
20031,2,5,9,15,16,27,9,
20030,17,18,21,29,30,32,3,
20029,1,12,18,20,30,32,5,
20028,5,6,15,18,26,32,8,
20027,12,13,14,24,25,28,6,
20026,1,4,9,18,19,31,6,
20025,1,9,10,15,20,29,2,
20024,10,13,27,28,29,31,8,
20023,4,5,20,21,30,33,8,
20022,2,10,20,22,25,30,2,
20021,2,6,14,16,27,31,7,
20020,1,6,9,13,15,22,14,
20019,15,19,27,28,30,33,3,
20018,5,7,8,11,17,22,13,
20017,2,4,7,15,20,27,4,
20016,5,6,8,17,24,27,7,
20015,8,9,22,24,30,33,1,
20014,2,7,8,10,12,16,7,
20013,2,8,10,20,21,30,14,
20012,4,13,14,23,26,31,9,
20011,4,5,7,17,18,29,1,
20010,11,14,22,27,31,32,9,
20009,3,6,8,14,19,26,12,
20008,1,4,6,10,11,28,16,
20007,5,12,17,20,25,31,10,
20006,3,4,5,10,16,32,9,
20005,11,16,17,22,26,32,4,
20004,2,15,17,27,32,33,3,
20003,9,17,26,29,30,32,3,
20002,4,9,14,15,16,29,11,
20001,2,15,23,26,29,30,2,
19151,2,6,9,18,24,26,14,
19150,2,9,14,22,27,29,2,
19149,1,6,27,28,31,33,7,
19148,9,10,13,20,26,27,8,
19147,1,9,12,14,23,27,12,
19146,1,4,10,12,30,32,14,
19145,1,8,13,17,18,19,16,
19144,2,12,15,19,27,30,3,
19143,5,13,15,16,26,32,9,
19142,8,14,24,27,29,33,9,
19141,10,13,14,15,17,33,14,
19140,2,4,9,11,14,22,5,
19139,8,14,20,23,30,33,11,
19138,2,6,12,30,31,32,11,
19137,7,10,13,19,23,31,6,
19136,12,14,15,17,29,33,12,
19135,3,6,10,11,27,33,3,
19134,1,4,6,22,29,30,3,
19133,3,7,16,21,24,31,7,
19132,4,6,11,14,19,33,7,
19131,9,17,19,20,24,31,4,
19130,1,7,9,11,24,32,16,
19129,3,4,7,9,15,26,7,
19128,3,8,12,16,17,19,8,
19127,2,6,7,12,17,24,10,
19126,2,14,17,29,32,33,16,
19125,2,11,12,26,27,29,3,
19124,4,9,30,31,32,33,1,
19123,2,6,8,17,28,30,6,
19122,4,10,15,19,21,23,2,
19121,2,6,15,21,30,31,2,
19120,10,12,27,31,32,33,3,
19119,4,20,22,24,26,33,7,
19118,12,14,15,25,28,31,4,
19117,3,5,11,28,32,33,1,
19116,1,8,9,13,16,33,1,
19115,4,10,11,14,15,29,5,
19114,2,4,9,11,12,30,1,
19113,1,5,19,21,25,33,15,
19112,3,12,14,17,23,27,1,
19111,7,18,20,22,24,33,1,
19110,1,18,22,26,27,28,8,
19109,3,6,7,17,28,31,10,
19108,7,13,19,22,25,32,13,
19107,2,6,8,23,27,32,2,
19106,2,14,22,27,30,33,14,
19105,2,13,15,17,26,33,1,
19104,1,5,16,17,18,24,10,
19103,4,12,14,21,27,29,12,
19102,3,8,12,16,20,32,12,
19101,1,4,9,21,31,33,5,
19100,1,4,12,13,30,32,8,
19099,7,14,22,23,27,30,8,
19098,3,11,12,14,17,26,9,
19097,3,5,18,24,25,31,9,
19096,5,7,12,18,27,32,11,
19095,2,5,14,19,21,28,1,
19094,5,10,12,18,19,27,6,
19093,5,7,8,9,20,22,2,
19092,9,17,27,28,32,33,8,
19091,7,10,21,24,29,32,11,
19090,2,3,6,8,14,22,4,
19089,2,4,14,16,20,22,11,
19088,13,14,15,21,23,29,13,
19087,4,5,7,9,21,30,4,
19086,16,22,24,26,28,31,6,
19085,1,4,14,18,24,29,4,
19084,4,8,14,18,20,27,3,
19083,6,15,17,26,28,31,3,
19082,7,16,19,22,24,28,2,
19081,5,24,27,29,31,32,10,
19080,3,6,8,20,24,32,7,
19079,1,3,6,9,19,31,16,
19078,1,17,27,29,31,33,12,
19077,9,11,13,18,21,22,15,
19076,12,15,19,20,29,32,14,
19075,5,8,20,22,31,33,3,
19074,12,21,27,29,31,33,4,
19073,1,2,6,12,16,18,8,
19072,2,9,13,15,22,30,15,
19071,1,8,19,24,29,30,4,
19070,6,15,18,19,24,32,9,
19069,6,11,16,19,21,25,1,
19068,3,14,20,24,26,33,10,
19067,4,6,8,11,30,33,11,
19066,1,14,17,20,22,32,4,
19065,6,9,11,15,20,26,10,
19064,12,20,24,25,30,33,12,
19063,1,14,19,22,29,31,16,
19062,7,13,16,23,26,30,1,
19061,3,17,19,24,27,31,12,
19060,3,4,14,20,23,27,1,
19059,4,5,7,9,16,18,6,
19058,7,8,12,21,23,27,12,
19057,4,5,6,8,13,18,16,
19056,13,14,17,19,21,29,1,
19055,1,6,11,15,19,31,10,
19054,7,10,11,15,24,26,11,
19053,4,16,22,25,29,31,8,
19052,3,6,9,13,16,19,16,
19051,8,9,10,13,15,28,9,
19050,4,6,10,11,21,23,2,
19049,3,10,13,22,23,28,15,
19048,3,7,10,12,18,29,10,
19047,3,11,18,25,30,33,14,
19046,2,12,16,22,25,32,6,
19045,1,6,17,19,27,31,14,
19044,6,14,16,17,23,29,7,
19043,1,6,12,13,24,32,13,
19042,15,17,19,22,25,26,4,
19041,2,9,13,23,24,26,16,
19040,5,6,9,18,23,31,11,
19039,6,7,11,14,27,32,8,
19038,9,12,21,27,29,30,5,
19037,1,7,12,14,18,25,10,
19036,2,10,13,16,23,32,8,
19035,1,5,7,9,10,20,16,
19034,9,11,15,22,24,26,3,
19033,9,15,19,21,23,29,15,
19032,4,8,9,13,28,33,4,
19031,3,13,15,18,21,33,16,
19030,4,5,7,10,12,22,16,
19029,8,11,17,23,32,33,10,
19028,4,19,22,26,29,30,11,
19027,2,6,8,10,11,17,13,
19026,3,13,15,19,20,27,14,
19025,15,16,21,27,30,33,4,
19024,1,8,23,25,28,29,10,
19023,1,10,14,15,18,31,13,
19022,3,7,11,21,30,33,7,
19021,2,5,7,8,20,27,4,
19020,2,12,13,23,27,28,12,
19019,3,11,17,18,24,25,6,
19018,4,11,18,19,26,32,4,
19017,4,5,24,28,30,33,9,
19016,5,7,9,11,19,25,5,
19015,11,15,16,20,24,31,4,
19014,1,2,3,14,19,33,3,
19013,5,7,14,16,18,21,1,
19012,7,10,21,23,31,33,14,
19011,10,13,19,21,24,30,7,
19010,2,4,5,8,11,30,2,
19009,1,7,10,22,31,32,15,
19008,2,6,9,13,28,32,12,
19007,6,10,14,15,19,23,15,
19006,1,5,10,19,26,28,12,
19005,21,22,26,28,31,32,7,
19004,8,12,16,19,26,32,3,
19003,13,17,20,21,22,27,1,
19002,4,5,6,8,9,18,11,
19001,6,10,13,15,32,33,15,
18153,1,7,17,23,25,31,11,
18152,4,14,16,23,28,29,3,
18151,5,15,19,25,26,29,15,
18150,6,8,15,19,20,31,5,
18149,1,7,8,10,12,24,1,
18148,3,6,18,19,21,31,1,
18147,3,15,17,23,27,30,11,
18146,2,10,11,17,18,29,16,
18145,3,9,13,22,23,25,6,
18144,8,13,17,18,20,27,13,
18143,4,6,15,28,32,33,14,
18142,5,8,10,11,27,28,11,
18141,11,14,16,18,24,33,4,
18140,1,15,20,22,25,28,14,
18139,11,18,20,23,31,32,15,
18138,1,10,25,27,30,32,9,
18137,3,5,11,15,20,23,9,
18136,10,12,15,25,26,27,14,
18135,1,3,6,10,11,29,16,
18134,3,16,18,31,32,33,12,
18133,2,4,11,12,18,32,13,
18132,1,2,9,10,15,22,6,
18131,21,22,24,31,32,33,1,
18130,5,12,17,18,24,28,12,
18129,2,4,6,16,18,19,16,
18128,6,7,8,19,22,23,2,
18127,2,5,6,7,11,15,12,
18126,1,6,8,9,14,22,5,
18125,3,10,11,14,15,32,2,
18124,9,13,14,19,22,25,2,
18123,13,21,24,27,31,32,1,
18122,5,7,20,22,30,32,10,
18121,6,8,14,19,23,25,11,
18120,3,4,18,26,27,33,1,
18119,3,13,14,16,25,27,12,
18118,8,12,21,22,27,31,9,
18117,8,11,15,17,23,25,5,
18116,5,14,17,22,23,28,15,
18115,1,13,19,24,26,29,11,
18114,1,7,15,16,20,27,14,
18113,1,6,9,16,25,26,9,
18112,5,8,18,25,26,31,4,
18111,1,7,14,24,25,28,8,
18110,11,13,16,21,22,23,2,
18109,10,11,18,23,31,33,15,
18108,5,13,18,21,26,30,2,
18107,1,2,5,12,20,22,1,
18106,4,18,19,24,25,26,10,
18105,4,5,13,18,19,25,1,
18104,2,3,6,19,25,29,1,
18103,2,9,15,22,23,24,16,
18102,2,6,11,19,21,28,5,
18101,1,3,14,26,29,33,9,
18100,2,11,14,15,29,33,2,
18099,3,7,8,14,25,32,6,
18098,6,10,11,20,29,32,13,
18097,1,2,17,20,25,28,13,
18096,1,5,9,20,28,32,12,
18095,10,11,12,21,26,33,9,
18094,4,7,16,20,24,30,5,
18093,4,18,20,21,29,33,7,
18092,6,10,16,19,24,33,16,
18091,6,11,13,17,25,32,7,
18090,1,2,4,10,14,23,7,
18089,6,9,12,14,18,27,14,
18088,3,5,12,29,30,32,14,
18087,1,5,10,16,18,31,3,
18086,2,7,17,21,23,26,16,
18085,4,10,25,26,30,33,6,
18084,5,6,8,12,22,24,3,
18083,4,9,18,21,32,33,3,
18082,6,12,14,20,22,24,9,
18081,1,2,12,16,20,26,3,
18080,4,7,13,20,29,33,3,
18079,14,15,17,22,24,29,13,
18078,3,10,14,17,18,30,12,
18077,2,5,9,15,20,24,10,
18076,3,7,8,15,29,30,13,
18075,7,9,12,13,22,24,11,
18074,9,11,14,20,27,30,9,
18073,2,9,14,15,16,23,10,
18072,11,16,19,22,25,30,8,
18071,2,5,6,13,16,19,3,
18070,4,9,15,16,19,27,10,
18069,6,13,17,19,23,31,12,
18068,8,10,17,20,27,30,1,
18067,1,4,9,12,15,18,5,
18066,9,16,17,19,22,26,10,
18065,1,4,6,14,28,33,1,
18064,2,5,10,11,17,21,5,
18063,5,6,10,16,20,25,12,
18062,2,18,19,24,25,33,11,
18061,9,10,11,12,18,23,7,
18060,4,8,13,25,30,31,10,
18059,4,6,8,13,22,32,11,
18058,7,12,13,16,26,31,7,
18057,5,15,17,19,20,30,13,
18056,1,3,6,20,21,26,1,
18055,7,9,10,12,22,26,7,
18054,4,6,18,22,25,33,16,
18053,1,4,10,11,14,27,6,
18052,3,5,6,9,15,32,14,
18051,5,7,20,23,27,31,4,
18050,1,2,4,10,18,19,7,
18049,1,3,4,11,19,23,2,
18048,1,12,20,25,30,31,2,
18047,6,7,12,16,22,25,7,
18046,10,13,14,18,20,31,3,
18045,3,4,6,25,26,30,1,
18044,5,9,12,17,27,30,6,
18043,1,4,6,8,21,24,7,
18042,6,10,21,28,29,31,12,
18041,7,8,20,23,24,32,13,
18040,1,3,8,13,18,23,16,
18039,8,12,18,19,23,32,3,
18038,15,23,24,25,28,29,9,
18037,1,6,7,8,27,30,10,
18036,8,17,24,26,28,33,4,
18035,7,10,11,17,23,28,15,
18034,1,5,11,22,23,26,15,
18033,4,19,20,22,28,33,6,
18032,21,22,23,24,25,32,6,
18031,2,16,18,19,27,30,14,
18030,13,14,20,21,25,33,7,
18029,1,2,9,14,22,25,5,
18028,3,8,11,14,18,23,16,
18027,2,7,9,14,18,28,5,
18026,4,7,12,14,26,32,4,
18025,4,13,16,19,21,25,14,
18024,11,19,22,26,31,32,2,
18023,12,15,16,21,26,29,16,
18022,7,14,19,21,22,23,3,
18021,3,4,6,11,23,28,14,
18020,6,9,10,14,28,30,5,
18019,3,11,12,16,21,23,9,
18018,2,12,13,18,25,27,7,
18017,3,6,11,26,30,32,12,
18016,1,11,12,18,25,27,16,
18015,11,15,20,21,26,33,15,
18014,9,12,20,24,28,31,7,
18013,6,8,13,15,22,33,6,
18012,11,12,13,19,26,28,12,
18011,3,10,21,23,27,33,11,
18010,1,8,17,20,21,22,3,
18009,5,10,17,23,26,32,7,
18008,5,9,10,12,17,19,13,
18007,13,14,20,25,27,31,12,
18006,2,7,8,9,17,29,11,
18005,2,20,21,28,31,33,6,
18004,14,18,19,26,30,31,11,
18003,1,14,16,17,20,31,4,
18002,7,18,24,29,31,33,16,
18001,1,8,11,26,28,31,4,
17154,5,9,13,15,18,26,5,
17153,7,11,12,13,18,19,16,
17152,6,10,23,25,26,29,5,
17151,2,5,7,9,11,27,16,
17150,6,14,19,20,21,23,8,
17149,5,8,15,20,27,30,13,
17148,4,7,11,14,29,32,12,
17147,3,7,20,21,25,31,14,
17146,1,19,25,26,27,33,10,
17145,2,6,12,17,25,28,12,
17144,3,14,16,20,31,32,9,
17143,4,6,9,14,20,29,14,
17142,8,13,14,18,23,33,6,
17141,1,6,7,11,13,15,5,
17140,21,22,25,28,29,30,8,
17139,2,14,20,24,28,32,16,
17138,1,17,24,28,32,33,2,
17137,5,10,20,23,26,31,3,
17136,3,7,10,18,21,24,12,
17135,1,6,7,14,18,26,16,
17134,4,5,11,14,28,32,4,
17133,6,15,17,18,23,30,11,
17132,2,3,5,9,13,28,11,
17131,1,7,10,11,26,27,11,
17130,5,13,14,23,25,31,2,
17129,5,6,9,14,21,33,2,
17128,2,6,13,22,29,31,8,
17127,14,15,21,24,27,32,12,
17126,1,16,17,21,27,30,16,
17125,1,14,23,25,29,30,3,
17124,2,6,11,26,28,29,3,
17123,4,5,6,11,21,31,10,
17122,11,20,21,22,24,27,15,
17121,11,18,19,22,24,32,7,
17120,8,10,15,19,23,28,16,
17119,9,16,21,25,26,31,14,
17118,8,9,15,22,30,33,16,
17117,1,2,8,11,14,21,9,
17116,2,14,20,22,30,32,2,
17115,4,10,11,25,30,31,1,
17114,6,12,13,15,18,26,13,
17113,4,6,16,27,29,33,5,
17112,3,10,14,16,22,23,11,
17111,5,10,17,19,29,32,12,
17110,1,3,12,15,19,23,14,
17109,8,14,16,18,21,23,16,
17108,7,12,14,15,17,20,1,
17107,8,9,15,17,30,32,6,
17106,12,15,20,25,27,31,2,
17105,3,6,7,12,25,26,7,
17104,1,14,15,20,23,30,14,
17103,1,21,23,25,31,33,1,
17102,4,8,10,14,18,20,11,
17101,1,4,11,28,31,32,16,
17100,4,7,8,18,23,24,2,
17099,2,5,6,16,28,29,4,
17098,4,19,22,27,30,33,1,
17097,5,10,18,19,30,31,3,
17096,2,6,11,12,19,29,6,
17095,9,10,12,19,22,29,16,
17094,8,11,13,19,28,31,6,
17093,7,8,9,15,22,27,12,
17092,10,18,19,29,32,33,9,
17091,5,7,10,23,28,29,3,
17090,1,7,10,16,22,33,9,
17089,11,12,13,16,23,25,12,
17088,7,9,18,22,23,29,6,
17087,3,6,13,14,19,28,6,
17086,3,5,6,13,20,22,7,
17085,1,5,6,16,25,30,9,
17084,1,5,11,20,22,24,2,
17083,3,8,14,20,24,26,12,
17082,14,18,21,25,28,29,10,
17081,3,5,14,25,26,30,5,
17080,1,12,16,20,22,24,8,
17079,3,7,14,23,25,27,8,
17078,5,7,18,19,22,24,16,
17077,1,2,4,15,17,22,14,
17076,1,4,8,9,14,15,13,
17075,1,3,6,19,21,29,7,
17074,2,6,16,23,30,31,2,
17073,3,6,16,23,26,30,14,
17072,6,11,14,23,26,30,2,
17071,2,3,6,14,31,32,3,
17070,1,6,14,22,25,26,12,
17069,2,11,12,23,29,31,5,
17068,2,6,10,22,30,31,15,
17067,1,3,4,10,18,29,4,
17066,1,4,6,17,19,26,3,
17065,2,5,8,10,12,21,7,
17064,2,10,16,22,24,28,15,
17063,12,16,20,22,25,31,4,
17062,1,7,22,24,26,31,10,
17061,6,7,12,20,26,27,11,
17060,5,10,13,24,26,31,4,
17059,4,8,9,15,19,25,9,
17058,1,9,13,22,28,32,11,
17057,18,20,22,23,30,31,16,
17056,13,14,18,19,21,28,6,
17055,7,12,13,20,24,31,5,
17054,2,3,9,23,28,33,8,
17053,4,9,11,15,29,31,6,
17052,7,8,18,24,29,31,7,
17051,2,5,9,15,24,25,11,
17050,10,12,20,24,27,29,7,
17049,1,8,14,15,20,29,10,
17048,5,8,9,14,15,19,7,
17047,2,5,8,10,32,33,2,
17046,4,13,14,23,26,32,10,
17045,5,7,16,20,21,25,5,
17044,8,16,19,21,31,32,6,
17043,8,13,16,23,27,31,8,
17042,1,2,4,7,10,23,4,
17041,4,10,13,15,22,27,4,
17040,15,19,23,28,29,33,4,
17039,2,4,12,14,17,24,15,
17038,1,4,8,13,24,27,5,
17037,11,15,20,22,25,30,5,
17036,1,2,5,10,24,27,15,
17035,1,6,14,24,28,32,12,
17034,4,7,8,19,32,33,13,
17033,5,7,15,20,23,30,15,
17032,5,8,15,24,27,31,11,
17031,6,10,16,26,27,29,3,
17030,1,7,9,20,23,30,2,
17029,2,15,21,23,25,30,10,
17028,7,8,12,13,22,30,9,
17027,2,4,11,14,27,30,5,
17026,3,10,12,19,27,30,8,
17025,2,15,16,17,22,32,7,
17024,9,21,25,26,29,31,13,
17023,1,3,4,11,18,22,14,
17022,2,6,15,16,18,32,15,
17021,2,5,10,22,32,33,9,
17020,4,8,10,12,31,33,10,
17019,4,6,8,12,23,25,8,
17018,1,2,3,17,25,31,9,
17017,3,7,8,10,22,23,12,
17016,5,8,16,22,27,29,2,
17015,1,8,9,14,17,32,1,
17014,6,8,18,20,23,31,13,
17013,8,11,28,29,31,33,6,
17012,10,11,14,15,16,24,7,
17011,10,11,12,23,26,29,16,
17010,5,8,19,25,28,30,7,
17009,2,6,8,9,15,29,14,
17008,7,13,15,27,28,29,13,
17007,2,4,5,24,26,33,15,
17006,2,4,8,26,29,33,8,
17005,6,11,12,22,23,30,5,
17004,5,13,17,26,27,30,7,
17003,1,4,8,15,27,32,16,
17002,15,19,23,24,25,32,3,
17001,9,11,14,20,25,26,15,
16153,7,9,16,24,25,29,6,
16152,2,8,9,16,20,22,7,
16151,6,11,16,20,22,33,7,
16150,2,4,5,9,13,21,5,
16149,3,20,23,26,32,33,7,
16148,1,2,11,20,26,30,14,
16147,4,14,18,28,31,32,12,
16146,3,7,15,16,17,23,10,
16145,1,3,7,12,19,20,6,
16144,4,10,12,27,32,33,5,
16143,6,9,23,24,25,33,13,
16142,1,10,17,21,23,30,12,
16141,4,13,15,17,21,24,15,
16140,1,2,5,17,26,32,10,
16139,1,6,19,26,28,30,3,
16138,7,16,20,24,25,30,7,
16137,1,6,9,10,15,32,14,
16136,2,7,10,20,27,29,3,
16135,2,8,10,18,20,33,12,
16134,11,12,13,14,18,33,13,
16133,15,16,21,22,27,33,15,
16132,5,8,13,19,27,28,7,
16131,4,10,18,19,25,27,2,
16130,3,17,21,23,27,28,1,
16129,5,6,8,21,31,33,14,
16128,4,9,11,17,26,27,13,
16127,7,12,17,26,29,31,16,
16126,2,6,12,17,18,19,10,
16125,1,6,8,20,27,30,3,
16124,9,15,21,24,27,32,10,
16123,7,9,12,14,20,27,16,
16122,15,22,23,24,28,29,8,
16121,2,3,10,23,25,28,9,
16120,2,5,6,21,25,28,9,
16119,9,19,21,30,31,32,4,
16118,9,14,22,23,31,33,14,
16117,3,10,14,17,28,33,2,
16116,7,18,20,23,27,31,13,
16115,6,8,20,22,26,27,9,
16114,5,16,20,22,27,29,9,
16113,1,11,16,17,20,26,14,
16112,6,12,14,15,18,25,12,
16111,2,4,7,14,15,32,4,
16110,5,7,28,31,32,33,8,
16109,9,11,15,16,27,33,5,
16108,2,3,7,8,19,26,16,
16107,6,11,18,26,27,32,1,
16106,4,5,13,22,25,30,4,
16105,8,10,19,27,28,31,16,
16104,5,9,11,18,30,31,4,
16103,1,5,13,19,24,27,11,
16102,5,8,10,14,17,30,13,
16101,1,3,19,24,32,33,1,
16100,3,10,22,23,27,29,4,
16099,1,11,21,23,27,33,6,
16098,2,8,25,29,31,32,6,
16097,6,13,25,26,28,31,1,
16096,6,13,14,21,22,24,16,
16095,1,5,9,12,18,32,12,
16094,6,7,10,12,18,31,10,
16093,6,9,15,17,25,27,9,
16092,2,13,15,23,24,29,6,
16091,4,8,14,22,23,28,7,
16090,2,13,17,20,21,26,7,
16089,1,3,14,30,31,32,8,
16088,3,14,16,18,25,33,15,
16087,2,3,10,11,14,21,12,
16086,9,10,11,12,15,32,5,
16085,1,12,19,20,21,25,16,
16084,2,4,12,18,24,26,5,
16083,9,16,17,24,30,31,4,
16082,6,12,14,15,17,20,9,
16081,2,6,15,25,30,32,7,
16080,1,16,17,24,25,32,14,
16079,1,3,10,12,24,28,2,
16078,2,4,8,23,26,29,2,
16077,1,9,17,19,20,29,10,
16076,7,8,13,22,30,32,1,
16075,1,3,6,16,29,32,7,
16074,6,10,11,12,20,25,12,
16073,9,11,12,15,16,20,13,
16072,5,16,19,22,24,25,2,
16071,19,21,26,28,29,32,1,
16070,3,6,11,18,23,29,1,
16069,8,10,11,20,21,27,11,
16068,8,19,23,28,31,32,1,
16067,9,13,18,20,27,31,4,
16066,3,7,13,18,19,20,5,
16065,13,16,22,25,26,27,14,
16064,3,12,14,17,19,26,3,
16063,16,17,18,23,28,32,7,
16062,12,13,15,18,19,21,9,
16061,5,6,8,18,20,32,8,
16060,4,5,22,26,29,32,8,
16059,4,11,12,20,25,28,15,
16058,3,5,18,20,24,32,11,
16057,7,12,19,22,23,26,11,
16056,3,4,8,11,16,18,14,
16055,5,6,10,16,22,26,11,
16054,6,11,16,19,28,32,4,
16053,2,8,10,12,29,31,1,
16052,1,6,13,19,24,28,16,
16051,1,2,4,9,15,33,12,
16050,9,12,24,28,29,30,2,
16049,6,8,13,14,22,27,10,
16048,3,8,13,14,15,30,4,
16047,2,5,8,15,17,22,16,
16046,7,20,25,26,27,30,14,
16045,4,9,12,17,30,32,3,
16044,1,3,10,12,18,30,1,
16043,5,14,20,26,30,33,12,
16042,7,14,17,23,26,31,9,
16041,12,17,18,21,22,24,4,
16040,3,13,19,20,23,26,3,
16039,1,3,7,18,19,27,16,
16038,3,12,13,22,28,29,3,
16037,6,15,26,31,32,33,16,
16036,3,4,7,9,20,22,3,
16035,4,13,19,20,26,29,11,
16034,3,15,21,22,23,28,15,
16033,6,17,18,20,27,29,15,
16032,8,12,14,15,21,27,15,
16031,3,8,10,19,26,33,3,
16030,10,14,19,22,25,29,12,
16029,12,15,18,20,21,27,15,
16028,6,8,12,21,25,29,1,
16027,11,13,15,17,19,31,5,
16026,4,9,12,28,30,33,1,
16025,4,11,12,17,24,30,12,
16024,2,5,7,14,18,31,13,
16023,3,6,10,19,25,29,7,
16022,4,9,19,22,23,30,7,
16021,9,11,13,22,24,26,5,
16020,1,2,10,12,22,24,10,
16019,6,13,16,17,23,30,10,
16018,12,13,14,17,21,25,4,
16017,5,6,8,20,22,30,5,
16016,1,20,22,24,25,26,16,
16015,1,2,14,22,25,26,7,
16014,2,8,10,18,20,27,7,
16013,7,12,21,22,26,31,1,
16012,7,12,14,16,27,32,15,
16011,3,8,10,15,22,29,12,
16010,2,4,12,14,19,25,6,
16009,10,14,24,25,27,32,4,
16008,2,15,24,29,32,33,2,
16007,5,12,14,20,27,29,6,
16006,13,16,18,20,28,31,12,
16005,11,14,18,20,31,33,14,
16004,8,10,17,22,25,33,12,
16003,1,10,14,23,26,28,1,
16002,9,14,17,20,24,30,16,
16001,6,13,16,18,20,22,13,
15154,7,9,11,15,18,25,7,
15153,8,11,15,22,27,29,3,
15152,11,18,19,21,29,32,12,
15151,5,6,8,23,31,32,11,
15150,1,3,8,11,29,31,13,
15149,9,10,20,21,22,33,9,
15148,9,13,14,22,26,27,7,
15147,8,9,16,23,24,30,5,
15146,16,17,21,28,30,32,15,
15145,7,8,15,19,20,24,13,
15144,1,4,7,15,28,32,16,
15143,13,15,19,20,21,32,4,
15142,13,17,19,20,22,25,11,
15141,3,8,19,25,27,28,2,
15140,6,20,28,29,30,31,12,
15139,1,10,13,18,25,27,9,
15138,1,2,8,16,19,24,11,
15137,14,22,23,27,28,31,12,
15136,2,5,12,23,28,29,1,
15135,1,12,14,18,26,32,7,
15134,2,5,14,19,27,31,4,
15133,2,3,13,20,22,24,15,
15132,3,5,11,28,30,33,1,
15131,10,12,13,19,22,26,3,
15130,6,14,15,16,17,22,10,
15129,5,8,11,16,18,27,4,
15128,1,3,8,11,22,28,6,
15127,7,10,19,22,27,33,6,
15126,10,11,15,20,23,29,12,
15125,5,13,22,27,30,33,10,
15124,2,3,5,12,18,27,1,
15123,5,8,9,12,22,28,7,
15122,5,7,11,16,22,25,7,
15121,1,3,20,21,28,29,12,
15120,16,21,24,26,27,29,16,
15119,2,8,10,18,23,31,8,
15118,1,4,11,21,23,31,12,
15117,4,11,12,18,26,32,12,
15116,4,6,15,23,26,28,11,
15115,1,7,8,14,24,32,3,
15114,4,7,9,13,21,26,1,
15113,1,5,7,8,19,27,12,
15112,1,3,10,19,20,27,11,
15111,8,14,16,18,20,30,12,
15110,5,7,16,17,22,23,4,
15109,1,8,9,16,32,33,13,
15108,2,12,19,22,24,27,15,
15107,7,14,16,18,21,25,8,
15106,1,3,4,23,31,32,13,
15105,9,10,16,19,20,26,12,
15104,9,18,21,23,25,26,1,
15103,6,8,13,26,30,32,14,
15102,7,9,12,14,21,23,6,
15101,8,16,22,24,28,29,5,
15100,2,3,11,17,19,21,8,
15099,6,7,10,11,14,22,9,
15098,6,9,13,26,27,33,1,
15097,9,12,14,20,26,27,4,
15096,6,16,17,23,24,31,7,
15095,4,15,21,28,30,31,4,
15094,1,4,6,13,16,17,10,
15093,1,3,13,21,25,31,8,
15092,9,15,19,21,26,27,1,
15091,5,7,17,19,22,31,11,
15090,10,12,14,22,25,33,15,
15089,12,14,19,27,28,29,1,
15088,2,12,20,24,29,31,9,
15087,9,15,16,19,20,28,11,
15086,5,6,8,16,18,22,12,
15085,2,8,25,27,28,29,5,
15084,15,18,20,22,28,29,15,
15083,6,7,16,18,29,32,5,
15082,2,8,9,14,28,30,7,
15081,13,20,22,26,28,31,13,
15080,14,17,25,27,28,30,2,
15079,9,14,15,20,26,32,11,
15078,3,7,20,22,26,29,2,
15077,1,6,8,10,13,27,16,
15076,1,9,10,19,23,27,9,
15075,6,11,13,19,21,32,4,
15074,4,7,21,25,26,29,8,
15073,1,2,17,22,26,27,4,
15072,1,3,5,20,21,31,5,
15071,8,18,20,28,29,31,8,
15070,1,7,13,19,21,29,15,
15069,1,13,17,18,23,30,15,
15068,6,15,18,21,26,27,10,
15067,2,5,8,24,25,31,14,
15066,5,8,11,17,24,28,16,
15065,8,10,14,19,26,29,12,
15064,11,12,14,17,23,27,1,
15063,1,7,9,16,22,32,12,
15062,9,14,15,18,21,26,16,
15061,6,18,22,26,32,33,4,
15060,1,3,18,27,31,32,13,
15059,2,6,9,16,25,32,14,
15058,2,9,10,18,19,20,15,
15057,9,20,24,25,26,32,4,
15056,1,7,8,16,18,20,14,
15055,1,10,15,18,19,28,2,
15054,1,2,7,10,22,26,7,
15053,3,7,17,22,32,33,10,
15052,2,4,11,16,25,26,12,
15051,4,10,24,26,28,32,9,
15050,3,9,12,16,17,31,4,
15049,7,12,14,17,20,23,5,
15048,13,16,17,22,25,27,10,
15047,2,3,20,24,26,27,9,
15046,5,7,10,14,23,31,1,
15045,1,5,13,22,30,31,7,
15044,2,3,4,13,14,16,2,
15043,11,12,15,24,26,27,15,
15042,9,10,19,21,23,32,8,
15041,4,9,11,17,21,25,6,
15040,13,16,18,27,30,32,16,
15039,1,13,15,26,29,30,12,
15038,5,6,11,12,14,33,14,
15037,5,7,12,18,28,31,3,
15036,4,6,16,17,26,33,3,
15035,1,8,9,22,24,33,3,
15034,12,13,17,18,20,27,13,
15033,3,6,21,29,31,32,5,
15032,11,14,16,18,29,32,16,
15031,1,5,7,22,26,32,11,
15030,8,11,14,15,16,26,7,
15029,7,14,15,19,21,28,7,
15028,4,7,10,26,27,28,14,
15027,5,7,9,16,26,29,7,
15026,2,13,17,21,22,33,13,
15025,10,11,12,15,27,32,14,
15024,9,11,16,18,23,24,10,
15023,8,9,10,13,29,30,1,
15022,4,7,10,16,23,25,10,
15021,14,15,16,17,27,28,8,
15020,1,4,7,19,22,23,4,
15019,2,6,11,19,25,26,4,
15018,6,9,12,14,28,29,9,
15017,13,18,20,25,27,33,12,
15016,2,6,10,15,17,31,13,
15015,1,7,20,24,25,33,4,
15014,2,12,16,19,27,30,11,
15013,8,9,24,25,26,29,1,
15012,3,5,22,23,29,31,6,
15011,4,14,15,17,18,20,15,
15010,1,2,3,8,21,31,9,
15009,4,7,14,17,21,25,14,
15008,4,7,10,16,20,22,3,
15007,1,7,9,17,20,33,8,
15006,1,10,11,29,31,33,13,
15005,7,10,16,17,18,32,15,
15004,2,14,15,16,23,24,10,
15003,10,15,20,23,24,31,15,
15002,7,15,16,25,28,32,5,
15001,1,7,9,16,20,23,6,
14152,8,13,15,20,21,25,12,
14151,4,5,8,11,21,27,8,
14150,3,8,14,22,24,32,9,
14149,7,9,10,15,19,33,1,
14148,1,2,5,12,15,16,13,
14147,6,7,22,26,31,32,10,
14146,1,6,13,20,29,32,1,
14145,10,12,13,23,26,29,11,
14144,3,5,6,9,10,27,14,
14143,3,12,18,20,25,26,16,
14142,6,21,22,23,25,28,13,
14141,8,9,11,16,21,24,10,
14140,6,10,11,14,17,33,6,
14139,1,14,15,20,25,29,11,
14138,4,6,13,29,31,33,13,
14137,3,6,9,11,25,29,9,
14136,3,16,19,27,31,32,10,
14135,2,4,11,13,25,33,1,
14134,5,16,22,23,26,28,2,
14133,13,14,16,23,30,31,13,
14132,5,6,14,15,18,33,8,
14131,5,17,21,22,28,32,14,
14130,1,2,10,24,30,33,10,
14129,5,8,9,20,28,32,2,
14128,5,7,8,17,18,24,14,
14127,2,10,12,21,23,27,12,
14126,6,11,16,17,22,27,1,
14125,10,11,15,26,31,32,6,
14124,2,17,20,24,31,33,4,
14123,1,6,11,17,28,33,5,
14122,6,9,11,16,20,29,11,
14121,1,2,13,22,28,30,9,
14120,1,7,12,16,23,28,4,
14119,6,13,17,20,26,29,9,
14118,5,7,15,18,26,30,3,
14117,5,10,17,25,28,29,4,
14116,9,10,14,15,19,29,16,
14115,1,9,10,11,13,32,3,
14114,2,7,23,30,32,33,10,
14113,12,14,28,31,32,33,7,
14112,1,15,16,21,24,30,3,
14111,2,8,17,20,22,28,2,
14110,1,8,11,13,19,30,6,
14109,2,5,11,15,19,28,2,
14108,3,8,9,20,23,28,2,
14107,11,14,17,22,25,27,16,
14106,9,14,17,18,21,25,15,
14105,14,16,17,19,27,32,4,
14104,2,6,12,19,27,28,13,
14103,3,8,9,10,18,33,4,
14102,14,16,21,24,28,31,13,
14101,16,18,20,23,24,32,7,
14100,1,6,9,10,14,16,11,
14099,1,5,10,11,13,32,14,
14098,2,13,17,20,29,31,7,
14097,7,13,24,25,27,32,15,
14096,12,14,17,19,22,24,8,
14095,5,6,8,14,22,31,8,
14094,1,10,18,20,23,29,1,
14093,2,8,9,10,20,29,5,
14092,3,13,18,19,22,26,7,
14091,1,5,12,19,27,29,14,
14090,5,9,11,19,24,32,13,
14089,4,6,14,17,27,30,9,
14088,3,6,11,14,16,29,15,
14087,6,18,22,23,32,33,6,
14086,2,4,10,12,14,30,8,
14085,1,2,11,19,23,29,8,
14084,1,6,9,10,13,25,8,
14083,5,6,19,21,23,33,12,
14082,2,4,20,25,26,29,11,
14081,8,14,22,24,27,29,10,
14080,5,14,16,17,25,30,7,
14079,2,7,16,22,27,28,2,
14078,2,3,5,6,9,17,7,
14077,8,9,12,15,19,22,10,
14076,6,10,12,17,18,33,11,
14075,3,9,11,22,27,29,6,
14074,1,3,6,13,30,31,12,
14073,1,12,16,20,30,33,2,
14072,1,3,7,13,19,32,16,
14071,2,4,12,17,22,25,14,
14070,1,7,9,19,28,29,7,
14069,5,12,17,19,25,30,11,
14068,4,12,13,22,27,29,16,
14067,1,6,7,17,18,23,6,
14066,2,5,15,17,18,21,16,
14065,3,4,5,8,10,22,6,
14064,2,9,15,16,29,32,14,
14063,3,8,17,21,22,31,16,
14062,6,9,15,24,25,26,9,
14061,2,14,17,27,28,31,8,
14060,3,5,14,18,25,33,6,
14059,5,8,12,13,23,25,13,
14058,2,3,12,13,14,25,11,
14057,2,4,12,18,23,31,8,
14056,1,11,18,20,28,29,1,
14055,2,9,14,19,21,30,4,
14054,1,4,5,11,29,30,14,
14053,14,17,19,22,26,31,2,
14052,9,13,15,28,30,33,8,
14051,10,16,19,21,23,24,13,
14050,3,17,23,25,26,32,13,
14049,6,7,16,17,23,32,6,
14048,6,9,16,17,24,25,16,
14047,8,10,11,12,19,29,15,
14046,2,10,11,17,18,22,10,
14045,2,4,9,11,19,22,15,
14044,4,9,21,27,28,33,12,
14043,2,5,9,14,24,33,9,
14042,12,15,20,25,28,33,14,
14041,7,11,16,18,21,22,2,
14040,3,4,6,11,12,15,8,
14039,3,11,15,19,20,31,7,
14038,4,7,22,23,24,33,16,
14037,6,13,14,24,25,30,7,
14036,1,7,8,9,11,22,3,
14035,7,8,9,17,32,33,6,
14034,1,3,4,8,25,31,6,
14033,5,13,23,28,32,33,12,
14032,1,2,14,22,29,33,7,
14031,4,10,16,17,21,27,14,
14030,12,18,19,23,24,30,10,
14029,2,7,14,16,21,29,14,
14028,6,16,21,27,30,32,5,
14027,8,10,14,16,30,31,1,
14026,1,2,5,6,11,23,14,
14025,1,5,10,14,16,30,16,
14024,8,10,16,20,23,30,9,
14023,7,9,13,17,21,22,10,
14022,4,6,7,10,21,26,16,
14021,8,10,15,17,22,29,12,
14020,9,14,17,23,24,25,15,
14019,2,10,15,19,20,21,7,
14018,13,17,18,21,30,33,15,
14017,4,6,7,14,25,26,10,
14016,2,3,7,13,21,24,8,
14015,2,11,19,30,32,33,9,
14014,4,9,19,22,25,29,15,
14013,5,9,13,15,17,21,13,
14012,1,8,11,19,21,24,8,
14011,9,10,13,14,21,32,2,
14010,5,7,8,20,31,33,11,
14009,8,9,19,20,25,32,16,
14008,5,14,16,21,29,30,12,
14007,8,10,12,14,18,28,14,
14006,3,4,7,17,21,27,14,
14005,15,18,23,27,32,33,4,
14004,1,4,19,22,24,25,15,
14003,6,10,11,28,30,33,12,
14002,4,21,23,31,32,33,4,
14001,3,9,15,20,27,29,1,
13154,7,11,14,19,24,29,5,
13153,8,11,13,18,28,33,10,
13152,4,6,14,16,18,29,5,
13151,3,9,10,19,28,33,9,
13150,1,15,16,25,26,29,10,
13149,9,18,25,26,30,32,11,
13148,6,11,12,14,17,22,1,
13147,2,15,16,17,19,30,8,
13146,8,20,25,30,32,33,1,
13145,6,10,13,16,23,24,15,
13144,5,7,12,19,27,31,2,
13143,12,18,21,22,27,32,11,
13142,11,12,14,20,22,29,14,
13141,3,4,5,25,30,31,4,
13140,1,5,12,13,21,22,10,
13139,7,8,11,13,21,27,8,
13138,4,15,16,24,27,28,3,
13137,4,17,19,23,24,27,10,
13136,4,6,14,16,18,26,6,
13135,9,23,24,25,29,31,12,
13134,1,17,18,19,25,29,10,
13133,4,7,12,19,22,25,1,
13132,20,21,22,23,25,27,12,
13131,4,6,12,17,19,26,9,
13130,1,3,15,16,31,33,8,
13129,5,6,10,14,27,31,14,
13128,7,13,17,19,25,31,8,
13127,2,3,13,20,22,33,14,
13126,4,10,19,27,31,33,16,
13125,4,6,8,18,25,28,16,
13124,3,9,15,23,25,30,7,
13123,1,2,6,11,17,25,2,
13122,7,10,13,15,26,27,11,
13121,4,5,6,7,25,27,7,
13120,5,6,13,18,23,31,11,
13119,5,15,20,22,26,32,9,
13118,2,3,17,22,32,33,16,
13117,9,12,13,24,27,33,16,
13116,12,15,21,26,32,33,7,
13115,3,12,16,17,18,27,8,
13114,4,6,17,21,23,33,7,
13113,4,7,11,17,24,33,9,
13112,1,6,12,13,22,31,7,
13111,1,2,3,6,8,33,13,
13110,15,17,18,21,29,32,13,
13109,9,23,24,27,29,32,8,
13108,16,21,22,28,31,32,5,
13107,7,9,11,17,28,31,11,
13106,9,11,23,30,31,32,6,
13105,1,11,23,27,31,32,9,
13104,1,2,4,15,17,28,11,
13103,2,4,9,13,18,20,7,
13102,2,4,5,6,8,16,3,
13101,5,7,9,23,27,32,1,
13100,4,8,11,14,16,20,11,
13099,5,11,20,21,26,31,3,
13098,7,15,18,19,20,26,14,
13097,5,14,17,22,23,25,7,
13096,1,2,22,28,29,30,15,
13095,1,6,15,19,28,29,10,
13094,2,4,14,18,20,22,7,
13093,1,2,8,26,29,31,14,
13092,7,11,15,21,26,31,6,
13091,4,14,24,25,28,31,10,
13090,2,5,11,23,24,29,8,
13089,4,8,12,19,21,25,13,
13088,9,15,20,21,22,24,14,
13087,2,13,19,23,24,28,5,
13086,2,4,11,13,16,26,11,
13085,2,8,12,14,16,32,16,
13084,5,7,9,11,20,21,3,
13083,5,6,12,14,19,23,9,
13082,4,13,14,20,22,30,6,
13081,1,4,10,13,21,31,13,
13080,10,11,12,23,28,32,16,
13079,7,13,17,19,22,26,13,
13078,3,5,17,18,26,27,15,
13077,9,14,23,24,26,29,3,
13076,14,23,24,26,29,30,3,
13075,4,6,9,25,30,33,14,
13074,3,6,8,14,19,32,3,
13073,2,9,13,17,20,28,11,
13072,2,8,11,14,19,33,9,
13071,5,12,21,23,26,28,9,
13070,2,3,9,10,28,30,6,
13069,7,16,17,18,30,33,6,
13068,2,7,13,20,25,27,6,
13067,1,4,9,15,22,30,6,
13066,1,3,16,17,20,32,7,
13065,7,18,19,23,29,30,2,
13064,1,9,13,22,25,32,12,
13063,10,15,18,20,23,31,12,
13062,1,6,7,19,22,27,2,
13061,5,6,7,12,13,18,12,
13060,5,7,10,13,19,20,15,
13059,3,10,18,24,27,29,9,
13058,8,11,17,21,23,24,5,
13057,13,16,19,23,26,28,5,
13056,3,12,25,26,28,29,16,
13055,8,18,19,22,27,32,6,
13054,3,4,8,14,21,28,14,
13053,3,12,13,22,30,33,14,
13052,6,7,14,21,22,24,13,
13051,8,12,15,19,28,29,2,
13050,3,7,13,18,22,25,3,
13049,10,13,14,16,21,32,14,
13048,10,13,17,28,30,32,4,
13047,1,8,11,17,27,30,12,
13046,3,16,19,20,24,26,6,
13045,6,7,8,14,23,31,12,
13044,3,5,11,18,26,28,6,
13043,3,6,14,15,17,25,16,
13042,1,8,12,13,15,33,3,
13041,2,10,12,17,23,24,5,
13040,2,4,10,12,17,30,10,
13039,1,2,14,15,24,29,6,
13038,9,10,12,14,15,19,11,
13037,2,15,18,27,28,32,14,
13036,4,5,9,27,29,31,13,
13035,1,14,15,17,26,30,2,
13034,6,15,20,22,26,33,9,
13033,5,6,13,17,19,28,1,
13032,4,21,25,29,30,33,3,
13031,3,13,14,15,21,33,3,
13030,7,14,18,25,26,29,6,
13029,6,7,10,19,23,29,12,
13028,7,8,14,25,26,28,13,
13027,1,2,4,12,21,24,12,
13026,4,11,14,15,22,31,11,
13025,16,17,18,24,25,30,8,
13024,4,5,13,23,27,30,9,
13023,3,6,15,18,30,32,5,
13022,2,4,7,9,15,20,7,
13021,1,6,17,19,26,31,11,
13020,1,7,8,12,16,21,1,
13019,1,2,5,16,20,26,6,
13018,2,8,13,28,29,30,5,
13017,4,6,12,30,31,32,9,
13016,2,5,6,12,14,28,5,
13015,5,6,7,11,13,18,15,
13014,2,4,5,17,19,20,8,
13013,5,6,13,19,22,28,9,
13012,6,14,17,22,28,29,2,
13011,3,12,17,24,27,29,9,
13010,1,9,11,17,32,33,12,
13009,1,4,9,13,16,23,2,
13008,3,8,17,21,25,32,15,
13007,2,9,15,22,26,32,1,
13006,9,10,13,17,22,30,13,
13005,1,13,14,25,31,32,12,
13004,6,10,16,20,27,32,8,
13003,22,23,26,27,28,33,9,
13002,1,16,18,22,28,30,12,
13001,6,8,14,15,24,25,6,
